"a","b","c"
92501,"S","s"
92502,"T","t"
92503,"U","u"
92504,"V","v"
92505,"W","w"
92506,"X","x"
92507,"Y","y"
92508,"Z","z"
92509,"A","a"
92510,"B","b"
92511,"C","c"
92512,"D","d"
92513,"E","e"
92514,"F","f"
92515,"G","g"
92516,"H","h"
92517,"I","i"
92518,"J","j"
92519,"K","k"
92520,"L","l"
92521,"M","m"
92522,"N","n"
92523,"O","o"
92524,"P","p"
92525,"Q","q"
92526,"R","r"
92527,"S","s"
92528,"T","t"
92529,"U","u"
92530,"V","v"
92531,"W","w"
92532,"X","x"
92533,"Y","y"
92534,"Z","z"
92535,"A","a"
92536,"B","b"
92537,"C","c"
92538,"D","d"
92539,"E","e"
92540,"F","f"
92541,"G","g"
92542,"H","h"
92543,"I","i"
92544,"J","j"
92545,"K","k"
92546,"L","l"
92547,"M","m"
92548,"N","n"
92549,"O","o"
92550,"P","p"
92551,"Q","q"
92552,"R","r"
92553,"S","s"
92554,"T","t"
92555,"U","u"
92556,"V","v"
92557,"W","w"
92558,"X","x"
92559,"Y","y"
92560,"Z","z"
92561,"A","a"
92562,"B","b"
92563,"C","c"
92564,"D","d"
92565,"E","e"
92566,"F","f"
92567,"G","g"
92568,"H","h"
92569,"I","i"
92570,"J","j"
92571,"K","k"
92572,"L","l"
92573,"M","m"
92574,"N","n"
92575,"O","o"
92576,"P","p"
92577,"Q","q"
92578,"R","r"
92579,"S","s"
92580,"T","t"
92581,"U","u"
92582,"V","v"
92583,"W","w"
92584,"X","x"
92585,"Y","y"
92586,"Z","z"
92587,"A","a"
92588,"B","b"
92589,"C","c"
92590,"D","d"
92591,"E","e"
92592,"F","f"
92593,"G","g"
92594,"H","h"
92595,"I","i"
92596,"J","j"
92597,"K","k"
92598,"L","l"
92599,"M","m"
92600,"N","n"
92601,"O","o"
92602,"P","p"
92603,"Q","q"
92604,"R","r"
92605,"S","s"
92606,"T","t"
92607,"U","u"
92608,"V","v"
92609,"W","w"
92610,"X","x"
92611,"Y","y"
92612,"Z","z"
92613,"A","a"
92614,"B","b"
92615,"C","c"
92616,"D","d"
92617,"E","e"
92618,"F","f"
92619,"G","g"
92620,"H","h"
92621,"I","i"
92622,"J","j"
92623,"K","k"
92624,"L","l"
92625,"M","m"
92626,"N","n"
92627,"O","o"
92628,"P","p"
92629,"Q","q"
92630,"R","r"
92631,"S","s"
92632,"T","t"
92633,"U","u"
92634,"V","v"
92635,"W","w"
92636,"X","x"
92637,"Y","y"
92638,"Z","z"
92639,"A","a"
92640,"B","b"
92641,"C","c"
92642,"D","d"
92643,"E","e"
92644,"F","f"
92645,"G","g"
92646,"H","h"
92647,"I","i"
92648,"J","j"
92649,"K","k"
92650,"L","l"
92651,"M","m"
92652,"N","n"
92653,"O","o"
92654,"P","p"
92655,"Q","q"
92656,"R","r"
92657,"S","s"
92658,"T","t"
92659,"U","u"
92660,"V","v"
92661,"W","w"
92662,"X","x"
92663,"Y","y"
92664,"Z","z"
92665,"A","a"
92666,"B","b"
92667,"C","c"
92668,"D","d"
92669,"E","e"
92670,"F","f"
92671,"G","g"
92672,"H","h"
92673,"I","i"
92674,"J","j"
92675,"K","k"
92676,"L","l"
92677,"M","m"
92678,"N","n"
92679,"O","o"
92680,"P","p"
92681,"Q","q"
92682,"R","r"
92683,"S","s"
92684,"T","t"
92685,"U","u"
92686,"V","v"
92687,"W","w"
92688,"X","x"
92689,"Y","y"
92690,"Z","z"
92691,"A","a"
92692,"B","b"
92693,"C","c"
92694,"D","d"
92695,"E","e"
92696,"F","f"
92697,"G","g"
92698,"H","h"
92699,"I","i"
92700,"J","j"
92701,"K","k"
92702,"L","l"
92703,"M","m"
92704,"N","n"
92705,"O","o"
92706,"P","p"
92707,"Q","q"
92708,"R","r"
92709,"S","s"
92710,"T","t"
92711,"U","u"
92712,"V","v"
92713,"W","w"
92714,"X","x"
92715,"Y","y"
92716,"Z","z"
92717,"A","a"
92718,"B","b"
92719,"C","c"
92720,"D","d"
92721,"E","e"
92722,"F","f"
92723,"G","g"
92724,"H","h"
92725,"I","i"
92726,"J","j"
92727,"K","k"
92728,"L","l"
92729,"M","m"
92730,"N","n"
92731,"O","o"
92732,"P","p"
92733,"Q","q"
92734,"R","r"
92735,"S","s"
92736,"T","t"
92737,"U","u"
92738,"V","v"
92739,"W","w"
92740,"X","x"
92741,"Y","y"
92742,"Z","z"
92743,"A","a"
92744,"B","b"
92745,"C","c"
92746,"D","d"
92747,"E","e"
92748,"F","f"
92749,"G","g"
92750,"H","h"
92751,"I","i"
92752,"J","j"
92753,"K","k"
92754,"L","l"
92755,"M","m"
92756,"N","n"
92757,"O","o"
92758,"P","p"
92759,"Q","q"
92760,"R","r"
92761,"S","s"
92762,"T","t"
92763,"U","u"
92764,"V","v"
92765,"W","w"
92766,"X","x"
92767,"Y","y"
92768,"Z","z"
92769,"A","a"
92770,"B","b"
92771,"C","c"
92772,"D","d"
92773,"E","e"
92774,"F","f"
92775,"G","g"
92776,"H","h"
92777,"I","i"
92778,"J","j"
92779,"K","k"
92780,"L","l"
92781,"M","m"
92782,"N","n"
92783,"O","o"
92784,"P","p"
92785,"Q","q"
92786,"R","r"
92787,"S","s"
92788,"T","t"
92789,"U","u"
92790,"V","v"
92791,"W","w"
92792,"X","x"
92793,"Y","y"
92794,"Z","z"
92795,"A","a"
92796,"B","b"
92797,"C","c"
92798,"D","d"
92799,"E","e"
92800,"F","f"
92801,"G","g"
92802,"H","h"
92803,"I","i"
92804,"J","j"
92805,"K","k"
92806,"L","l"
92807,"M","m"
92808,"N","n"
92809,"O","o"
92810,"P","p"
92811,"Q","q"
92812,"R","r"
92813,"S","s"
92814,"T","t"
92815,"U","u"
92816,"V","v"
92817,"W","w"
92818,"X","x"
92819,"Y","y"
92820,"Z","z"
92821,"A","a"
92822,"B","b"
92823,"C","c"
92824,"D","d"
92825,"E","e"
92826,"F","f"
92827,"G","g"
92828,"H","h"
92829,"I","i"
92830,"J","j"
92831,"K","k"
92832,"L","l"
92833,"M","m"
92834,"N","n"
92835,"O","o"
92836,"P","p"
92837,"Q","q"
92838,"R","r"
92839,"S","s"
92840,"T","t"
92841,"U","u"
92842,"V","v"
92843,"W","w"
92844,"X","x"
92845,"Y","y"
92846,"Z","z"
92847,"A","a"
92848,"B","b"
92849,"C","c"
92850,"D","d"
92851,"E","e"
92852,"F","f"
92853,"G","g"
92854,"H","h"
92855,"I","i"
92856,"J","j"
92857,"K","k"
92858,"L","l"
92859,"M","m"
92860,"N","n"
92861,"O","o"
92862,"P","p"
92863,"Q","q"
92864,"R","r"
92865,"S","s"
92866,"T","t"
92867,"U","u"
92868,"V","v"
92869,"W","w"
92870,"X","x"
92871,"Y","y"
92872,"Z","z"
92873,"A","a"
92874,"B","b"
92875,"C","c"
92876,"D","d"
92877,"E","e"
92878,"F","f"
92879,"G","g"
92880,"H","h"
92881,"I","i"
92882,"J","j"
92883,"K","k"
92884,"L","l"
92885,"M","m"
92886,"N","n"
92887,"O","o"
92888,"P","p"
92889,"Q","q"
92890,"R","r"
92891,"S","s"
92892,"T","t"
92893,"U","u"
92894,"V","v"
92895,"W","w"
92896,"X","x"
92897,"Y","y"
92898,"Z","z"
92899,"A","a"
92900,"B","b"
92901,"C","c"
92902,"D","d"
92903,"E","e"
92904,"F","f"
92905,"G","g"
92906,"H","h"
92907,"I","i"
92908,"J","j"
92909,"K","k"
92910,"L","l"
92911,"M","m"
92912,"N","n"
92913,"O","o"
92914,"P","p"
92915,"Q","q"
92916,"R","r"
92917,"S","s"
92918,"T","t"
92919,"U","u"
92920,"V","v"
92921,"W","w"
92922,"X","x"
92923,"Y","y"
92924,"Z","z"
92925,"A","a"
92926,"B","b"
92927,"C","c"
92928,"D","d"
92929,"E","e"
92930,"F","f"
92931,"G","g"
92932,"H","h"
92933,"I","i"
92934,"J","j"
92935,"K","k"
92936,"L","l"
92937,"M","m"
92938,"N","n"
92939,"O","o"
92940,"P","p"
92941,"Q","q"
92942,"R","r"
92943,"S","s"
92944,"T","t"
92945,"U","u"
92946,"V","v"
92947,"W","w"
92948,"X","x"
92949,"Y","y"
92950,"Z","z"
92951,"A","a"
92952,"B","b"
92953,"C","c"
92954,"D","d"
92955,"E","e"
92956,"F","f"
92957,"G","g"
92958,"H","h"
92959,"I","i"
92960,"J","j"
92961,"K","k"
92962,"L","l"
92963,"M","m"
92964,"N","n"
92965,"O","o"
92966,"P","p"
92967,"Q","q"
92968,"R","r"
92969,"S","s"
92970,"T","t"
92971,"U","u"
92972,"V","v"
92973,"W","w"
92974,"X","x"
92975,"Y","y"
92976,"Z","z"
92977,"A","a"
92978,"B","b"
92979,"C","c"
92980,"D","d"
92981,"E","e"
92982,"F","f"
92983,"G","g"
92984,"H","h"
92985,"I","i"
92986,"J","j"
92987,"K","k"
92988,"L","l"
92989,"M","m"
92990,"N","n"
92991,"O","o"
92992,"P","p"
92993,"Q","q"
92994,"R","r"
92995,"S","s"
92996,"T","t"
92997,"U","u"
92998,"V","v"
92999,"W","w"
93000,"X","x"
93001,"Y","y"
93002,"Z","z"
93003,"A","a"
93004,"B","b"
93005,"C","c"
93006,"D","d"
93007,"E","e"
93008,"F","f"
93009,"G","g"
93010,"H","h"
93011,"I","i"
93012,"J","j"
93013,"K","k"
93014,"L","l"
93015,"M","m"
93016,"N","n"
93017,"O","o"
93018,"P","p"
93019,"Q","q"
93020,"R","r"
93021,"S","s"
93022,"T","t"
93023,"U","u"
93024,"V","v"
93025,"W","w"
93026,"X","x"
93027,"Y","y"
93028,"Z","z"
93029,"A","a"
93030,"B","b"
93031,"C","c"
93032,"D","d"
93033,"E","e"
93034,"F","f"
93035,"G","g"
93036,"H","h"
93037,"I","i"
93038,"J","j"
93039,"K","k"
93040,"L","l"
93041,"M","m"
93042,"N","n"
93043,"O","o"
93044,"P","p"
93045,"Q","q"
93046,"R","r"
93047,"S","s"
93048,"T","t"
93049,"U","u"
93050,"V","v"
93051,"W","w"
93052,"X","x"
93053,"Y","y"
93054,"Z","z"
93055,"A","a"
93056,"B","b"
93057,"C","c"
93058,"D","d"
93059,"E","e"
93060,"F","f"
93061,"G","g"
93062,"H","h"
93063,"I","i"
93064,"J","j"
93065,"K","k"
93066,"L","l"
93067,"M","m"
93068,"N","n"
93069,"O","o"
93070,"P","p"
93071,"Q","q"
93072,"R","r"
93073,"S","s"
93074,"T","t"
93075,"U","u"
93076,"V","v"
93077,"W","w"
93078,"X","x"
93079,"Y","y"
93080,"Z","z"
93081,"A","a"
93082,"B","b"
93083,"C","c"
93084,"D","d"
93085,"E","e"
93086,"F","f"
93087,"G","g"
93088,"H","h"
93089,"I","i"
93090,"J","j"
93091,"K","k"
93092,"L","l"
93093,"M","m"
93094,"N","n"
93095,"O","o"
93096,"P","p"
93097,"Q","q"
93098,"R","r"
93099,"S","s"
93100,"T","t"
93101,"U","u"
93102,"V","v"
93103,"W","w"
93104,"X","x"
93105,"Y","y"
93106,"Z","z"
93107,"A","a"
93108,"B","b"
93109,"C","c"
93110,"D","d"
93111,"E","e"
93112,"F","f"
93113,"G","g"
93114,"H","h"
93115,"I","i"
93116,"J","j"
93117,"K","k"
93118,"L","l"
93119,"M","m"
93120,"N","n"
93121,"O","o"
93122,"P","p"
93123,"Q","q"
93124,"R","r"
93125,"S","s"
93126,"T","t"
93127,"U","u"
93128,"V","v"
93129,"W","w"
93130,"X","x"
93131,"Y","y"
93132,"Z","z"
93133,"A","a"
93134,"B","b"
93135,"C","c"
93136,"D","d"
93137,"E","e"
93138,"F","f"
93139,"G","g"
93140,"H","h"
93141,"I","i"
93142,"J","j"
93143,"K","k"
93144,"L","l"
93145,"M","m"
93146,"N","n"
93147,"O","o"
93148,"P","p"
93149,"Q","q"
93150,"R","r"
93151,"S","s"
93152,"T","t"
93153,"U","u"
93154,"V","v"
93155,"W","w"
93156,"X","x"
93157,"Y","y"
93158,"Z","z"
93159,"A","a"
93160,"B","b"
93161,"C","c"
93162,"D","d"
93163,"E","e"
93164,"F","f"
93165,"G","g"
93166,"H","h"
93167,"I","i"
93168,"J","j"
93169,"K","k"
93170,"L","l"
93171,"M","m"
93172,"N","n"
93173,"O","o"
93174,"P","p"
93175,"Q","q"
93176,"R","r"
93177,"S","s"
93178,"T","t"
93179,"U","u"
93180,"V","v"
93181,"W","w"
93182,"X","x"
93183,"Y","y"
93184,"Z","z"
93185,"A","a"
93186,"B","b"
93187,"C","c"
93188,"D","d"
93189,"E","e"
93190,"F","f"
93191,"G","g"
93192,"H","h"
93193,"I","i"
93194,"J","j"
93195,"K","k"
93196,"L","l"
93197,"M","m"
93198,"N","n"
93199,"O","o"
93200,"P","p"
93201,"Q","q"
93202,"R","r"
93203,"S","s"
93204,"T","t"
93205,"U","u"
93206,"V","v"
93207,"W","w"
93208,"X","x"
93209,"Y","y"
93210,"Z","z"
93211,"A","a"
93212,"B","b"
93213,"C","c"
93214,"D","d"
93215,"E","e"
93216,"F","f"
93217,"G","g"
93218,"H","h"
93219,"I","i"
93220,"J","j"
93221,"K","k"
93222,"L","l"
93223,"M","m"
93224,"N","n"
93225,"O","o"
93226,"P","p"
93227,"Q","q"
93228,"R","r"
93229,"S","s"
93230,"T","t"
93231,"U","u"
93232,"V","v"
93233,"W","w"
93234,"X","x"
93235,"Y","y"
93236,"Z","z"
93237,"A","a"
93238,"B","b"
93239,"C","c"
93240,"D","d"
93241,"E","e"
93242,"F","f"
93243,"G","g"
93244,"H","h"
93245,"I","i"
93246,"J","j"
93247,"K","k"
93248,"L","l"
93249,"M","m"
93250,"N","n"
93251,"O","o"
93252,"P","p"
93253,"Q","q"
93254,"R","r"
93255,"S","s"
93256,"T","t"
93257,"U","u"
93258,"V","v"
93259,"W","w"
93260,"X","x"
93261,"Y","y"
93262,"Z","z"
93263,"A","a"
93264,"B","b"
93265,"C","c"
93266,"D","d"
93267,"E","e"
93268,"F","f"
93269,"G","g"
93270,"H","h"
93271,"I","i"
93272,"J","j"
93273,"K","k"
93274,"L","l"
93275,"M","m"
93276,"N","n"
93277,"O","o"
93278,"P","p"
93279,"Q","q"
93280,"R","r"
93281,"S","s"
93282,"T","t"
93283,"U","u"
93284,"V","v"
93285,"W","w"
93286,"X","x"
93287,"Y","y"
93288,"Z","z"
93289,"A","a"
93290,"B","b"
93291,"C","c"
93292,"D","d"
93293,"E","e"
93294,"F","f"
93295,"G","g"
93296,"H","h"
93297,"I","i"
93298,"J","j"
93299,"K","k"
93300,"L","l"
93301,"M","m"
93302,"N","n"
93303,"O","o"
93304,"P","p"
93305,"Q","q"
93306,"R","r"
93307,"S","s"
93308,"T","t"
93309,"U","u"
93310,"V","v"
93311,"W","w"
93312,"X","x"
93313,"Y","y"
93314,"Z","z"
93315,"A","a"
93316,"B","b"
93317,"C","c"
93318,"D","d"
93319,"E","e"
93320,"F","f"
93321,"G","g"
93322,"H","h"
93323,"I","i"
93324,"J","j"
93325,"K","k"
93326,"L","l"
93327,"M","m"
93328,"N","n"
93329,"O","o"
93330,"P","p"
93331,"Q","q"
93332,"R","r"
93333,"S","s"
93334,"T","t"
93335,"U","u"
93336,"V","v"
93337,"W","w"
93338,"X","x"
93339,"Y","y"
93340,"Z","z"
93341,"A","a"
93342,"B","b"
93343,"C","c"
93344,"D","d"
93345,"E","e"
93346,"F","f"
93347,"G","g"
93348,"H","h"
93349,"I","i"
93350,"J","j"
93351,"K","k"
93352,"L","l"
93353,"M","m"
93354,"N","n"
93355,"O","o"
93356,"P","p"
93357,"Q","q"
93358,"R","r"
93359,"S","s"
93360,"T","t"
93361,"U","u"
93362,"V","v"
93363,"W","w"
93364,"X","x"
93365,"Y","y"
93366,"Z","z"
93367,"A","a"
93368,"B","b"
93369,"C","c"
93370,"D","d"
93371,"E","e"
93372,"F","f"
93373,"G","g"
93374,"H","h"
93375,"I","i"
93376,"J","j"
93377,"K","k"
93378,"L","l"
93379,"M","m"
93380,"N","n"
93381,"O","o"
93382,"P","p"
93383,"Q","q"
93384,"R","r"
93385,"S","s"
93386,"T","t"
93387,"U","u"
93388,"V","v"
93389,"W","w"
93390,"X","x"
93391,"Y","y"
93392,"Z","z"
93393,"A","a"
93394,"B","b"
93395,"C","c"
93396,"D","d"
93397,"E","e"
93398,"F","f"
93399,"G","g"
93400,"H","h"
93401,"I","i"
93402,"J","j"
93403,"K","k"
93404,"L","l"
93405,"M","m"
93406,"N","n"
93407,"O","o"
93408,"P","p"
93409,"Q","q"
93410,"R","r"
93411,"S","s"
93412,"T","t"
93413,"U","u"
93414,"V","v"
93415,"W","w"
93416,"X","x"
93417,"Y","y"
93418,"Z","z"
93419,"A","a"
93420,"B","b"
93421,"C","c"
93422,"D","d"
93423,"E","e"
93424,"F","f"
93425,"G","g"
93426,"H","h"
93427,"I","i"
93428,"J","j"
93429,"K","k"
93430,"L","l"
93431,"M","m"
93432,"N","n"
93433,"O","o"
93434,"P","p"
93435,"Q","q"
93436,"R","r"
93437,"S","s"
93438,"T","t"
93439,"U","u"
93440,"V","v"
93441,"W","w"
93442,"X","x"
93443,"Y","y"
93444,"Z","z"
93445,"A","a"
93446,"B","b"
93447,"C","c"
93448,"D","d"
93449,"E","e"
93450,"F","f"
93451,"G","g"
93452,"H","h"
93453,"I","i"
93454,"J","j"
93455,"K","k"
93456,"L","l"
93457,"M","m"
93458,"N","n"
93459,"O","o"
93460,"P","p"
93461,"Q","q"
93462,"R","r"
93463,"S","s"
93464,"T","t"
93465,"U","u"
93466,"V","v"
93467,"W","w"
93468,"X","x"
93469,"Y","y"
93470,"Z","z"
93471,"A","a"
93472,"B","b"
93473,"C","c"
93474,"D","d"
93475,"E","e"
93476,"F","f"
93477,"G","g"
93478,"H","h"
93479,"I","i"
93480,"J","j"
93481,"K","k"
93482,"L","l"
93483,"M","m"
93484,"N","n"
93485,"O","o"
93486,"P","p"
93487,"Q","q"
93488,"R","r"
93489,"S","s"
93490,"T","t"
93491,"U","u"
93492,"V","v"
93493,"W","w"
93494,"X","x"
93495,"Y","y"
93496,"Z","z"
93497,"A","a"
93498,"B","b"
93499,"C","c"
93500,"D","d"
93501,"E","e"
93502,"F","f"
93503,"G","g"
93504,"H","h"
93505,"I","i"
93506,"J","j"
93507,"K","k"
93508,"L","l"
93509,"M","m"
93510,"N","n"
93511,"O","o"
93512,"P","p"
93513,"Q","q"
93514,"R","r"
93515,"S","s"
93516,"T","t"
93517,"U","u"
93518,"V","v"
93519,"W","w"
93520,"X","x"
93521,"Y","y"
93522,"Z","z"
93523,"A","a"
93524,"B","b"
93525,"C","c"
93526,"D","d"
93527,"E","e"
93528,"F","f"
93529,"G","g"
93530,"H","h"
93531,"I","i"
93532,"J","j"
93533,"K","k"
93534,"L","l"
93535,"M","m"
93536,"N","n"
93537,"O","o"
93538,"P","p"
93539,"Q","q"
93540,"R","r"
93541,"S","s"
93542,"T","t"
93543,"U","u"
93544,"V","v"
93545,"W","w"
93546,"X","x"
93547,"Y","y"
93548,"Z","z"
93549,"A","a"
93550,"B","b"
93551,"C","c"
93552,"D","d"
93553,"E","e"
93554,"F","f"
93555,"G","g"
93556,"H","h"
93557,"I","i"
93558,"J","j"
93559,"K","k"
93560,"L","l"
93561,"M","m"
93562,"N","n"
93563,"O","o"
93564,"P","p"
93565,"Q","q"
93566,"R","r"
93567,"S","s"
93568,"T","t"
93569,"U","u"
93570,"V","v"
93571,"W","w"
93572,"X","x"
93573,"Y","y"
93574,"Z","z"
93575,"A","a"
93576,"B","b"
93577,"C","c"
93578,"D","d"
93579,"E","e"
93580,"F","f"
93581,"G","g"
93582,"H","h"
93583,"I","i"
93584,"J","j"
93585,"K","k"
93586,"L","l"
93587,"M","m"
93588,"N","n"
93589,"O","o"
93590,"P","p"
93591,"Q","q"
93592,"R","r"
93593,"S","s"
93594,"T","t"
93595,"U","u"
93596,"V","v"
93597,"W","w"
93598,"X","x"
93599,"Y","y"
93600,"Z","z"
93601,"A","a"
93602,"B","b"
93603,"C","c"
93604,"D","d"
93605,"E","e"
93606,"F","f"
93607,"G","g"
93608,"H","h"
93609,"I","i"
93610,"J","j"
93611,"K","k"
93612,"L","l"
93613,"M","m"
93614,"N","n"
93615,"O","o"
93616,"P","p"
93617,"Q","q"
93618,"R","r"
93619,"S","s"
93620,"T","t"
93621,"U","u"
93622,"V","v"
93623,"W","w"
93624,"X","x"
93625,"Y","y"
93626,"Z","z"
93627,"A","a"
93628,"B","b"
93629,"C","c"
93630,"D","d"
93631,"E","e"
93632,"F","f"
93633,"G","g"
93634,"H","h"
93635,"I","i"
93636,"J","j"
93637,"K","k"
93638,"L","l"
93639,"M","m"
93640,"N","n"
93641,"O","o"
93642,"P","p"
93643,"Q","q"
93644,"R","r"
93645,"S","s"
93646,"T","t"
93647,"U","u"
93648,"V","v"
93649,"W","w"
93650,"X","x"
93651,"Y","y"
93652,"Z","z"
93653,"A","a"
93654,"B","b"
93655,"C","c"
93656,"D","d"
93657,"E","e"
93658,"F","f"
93659,"G","g"
93660,"H","h"
93661,"I","i"
93662,"J","j"
93663,"K","k"
93664,"L","l"
93665,"M","m"
93666,"N","n"
93667,"O","o"
93668,"P","p"
93669,"Q","q"
93670,"R","r"
93671,"S","s"
93672,"T","t"
93673,"U","u"
93674,"V","v"
93675,"W","w"
93676,"X","x"
93677,"Y","y"
93678,"Z","z"
93679,"A","a"
93680,"B","b"
93681,"C","c"
93682,"D","d"
93683,"E","e"
93684,"F","f"
93685,"G","g"
93686,"H","h"
93687,"I","i"
93688,"J","j"
93689,"K","k"
93690,"L","l"
93691,"M","m"
93692,"N","n"
93693,"O","o"
93694,"P","p"
93695,"Q","q"
93696,"R","r"
93697,"S","s"
93698,"T","t"
93699,"U","u"
93700,"V","v"
93701,"W","w"
93702,"X","x"
93703,"Y","y"
93704,"Z","z"
93705,"A","a"
93706,"B","b"
93707,"C","c"
93708,"D","d"
93709,"E","e"
93710,"F","f"
93711,"G","g"
93712,"H","h"
93713,"I","i"
93714,"J","j"
93715,"K","k"
93716,"L","l"
93717,"M","m"
93718,"N","n"
93719,"O","o"
93720,"P","p"
93721,"Q","q"
93722,"R","r"
93723,"S","s"
93724,"T","t"
93725,"U","u"
93726,"V","v"
93727,"W","w"
93728,"X","x"
93729,"Y","y"
93730,"Z","z"
93731,"A","a"
93732,"B","b"
93733,"C","c"
93734,"D","d"
93735,"E","e"
93736,"F","f"
93737,"G","g"
93738,"H","h"
93739,"I","i"
93740,"J","j"
93741,"K","k"
93742,"L","l"
93743,"M","m"
93744,"N","n"
93745,"O","o"
93746,"P","p"
93747,"Q","q"
93748,"R","r"
93749,"S","s"
93750,"T","t"
93751,"U","u"
93752,"V","v"
93753,"W","w"
93754,"X","x"
93755,"Y","y"
93756,"Z","z"
93757,"A","a"
93758,"B","b"
93759,"C","c"
93760,"D","d"
93761,"E","e"
93762,"F","f"
93763,"G","g"
93764,"H","h"
93765,"I","i"
93766,"J","j"
93767,"K","k"
93768,"L","l"
93769,"M","m"
93770,"N","n"
93771,"O","o"
93772,"P","p"
93773,"Q","q"
93774,"R","r"
93775,"S","s"
93776,"T","t"
93777,"U","u"
93778,"V","v"
93779,"W","w"
93780,"X","x"
93781,"Y","y"
93782,"Z","z"
93783,"A","a"
93784,"B","b"
93785,"C","c"
93786,"D","d"
93787,"E","e"
93788,"F","f"
93789,"G","g"
93790,"H","h"
93791,"I","i"
93792,"J","j"
93793,"K","k"
93794,"L","l"
93795,"M","m"
93796,"N","n"
93797,"O","o"
93798,"P","p"
93799,"Q","q"
93800,"R","r"
93801,"S","s"
93802,"T","t"
93803,"U","u"
93804,"V","v"
93805,"W","w"
93806,"X","x"
93807,"Y","y"
93808,"Z","z"
93809,"A","a"
93810,"B","b"
93811,"C","c"
93812,"D","d"
93813,"E","e"
93814,"F","f"
93815,"G","g"
93816,"H","h"
93817,"I","i"
93818,"J","j"
93819,"K","k"
93820,"L","l"
93821,"M","m"
93822,"N","n"
93823,"O","o"
93824,"P","p"
93825,"Q","q"
93826,"R","r"
93827,"S","s"
93828,"T","t"
93829,"U","u"
93830,"V","v"
93831,"W","w"
93832,"X","x"
93833,"Y","y"
93834,"Z","z"
93835,"A","a"
93836,"B","b"
93837,"C","c"
93838,"D","d"
93839,"E","e"
93840,"F","f"
93841,"G","g"
93842,"H","h"
93843,"I","i"
93844,"J","j"
93845,"K","k"
93846,"L","l"
93847,"M","m"
93848,"N","n"
93849,"O","o"
93850,"P","p"
93851,"Q","q"
93852,"R","r"
93853,"S","s"
93854,"T","t"
93855,"U","u"
93856,"V","v"
93857,"W","w"
93858,"X","x"
93859,"Y","y"
93860,"Z","z"
93861,"A","a"
93862,"B","b"
93863,"C","c"
93864,"D","d"
93865,"E","e"
93866,"F","f"
93867,"G","g"
93868,"H","h"
93869,"I","i"
93870,"J","j"
93871,"K","k"
93872,"L","l"
93873,"M","m"
93874,"N","n"
93875,"O","o"
93876,"P","p"
93877,"Q","q"
93878,"R","r"
93879,"S","s"
93880,"T","t"
93881,"U","u"
93882,"V","v"
93883,"W","w"
93884,"X","x"
93885,"Y","y"
93886,"Z","z"
93887,"A","a"
93888,"B","b"
93889,"C","c"
93890,"D","d"
93891,"E","e"
93892,"F","f"
93893,"G","g"
93894,"H","h"
93895,"I","i"
93896,"J","j"
93897,"K","k"
93898,"L","l"
93899,"M","m"
93900,"N","n"
93901,"O","o"
93902,"P","p"
93903,"Q","q"
93904,"R","r"
93905,"S","s"
93906,"T","t"
93907,"U","u"
93908,"V","v"
93909,"W","w"
93910,"X","x"
93911,"Y","y"
93912,"Z","z"
93913,"A","a"
93914,"B","b"
93915,"C","c"
93916,"D","d"
93917,"E","e"
93918,"F","f"
93919,"G","g"
93920,"H","h"
93921,"I","i"
93922,"J","j"
93923,"K","k"
93924,"L","l"
93925,"M","m"
93926,"N","n"
93927,"O","o"
93928,"P","p"
93929,"Q","q"
93930,"R","r"
93931,"S","s"
93932,"T","t"
93933,"U","u"
93934,"V","v"
93935,"W","w"
93936,"X","x"
93937,"Y","y"
93938,"Z","z"
93939,"A","a"
93940,"B","b"
93941,"C","c"
93942,"D","d"
93943,"E","e"
93944,"F","f"
93945,"G","g"
93946,"H","h"
93947,"I","i"
93948,"J","j"
93949,"K","k"
93950,"L","l"
93951,"M","m"
93952,"N","n"
93953,"O","o"
93954,"P","p"
93955,"Q","q"
93956,"R","r"
93957,"S","s"
93958,"T","t"
93959,"U","u"
93960,"V","v"
93961,"W","w"
93962,"X","x"
93963,"Y","y"
93964,"Z","z"
93965,"A","a"
93966,"B","b"
93967,"C","c"
93968,"D","d"
93969,"E","e"
93970,"F","f"
93971,"G","g"
93972,"H","h"
93973,"I","i"
93974,"J","j"
93975,"K","k"
93976,"L","l"
93977,"M","m"
93978,"N","n"
93979,"O","o"
93980,"P","p"
93981,"Q","q"
93982,"R","r"
93983,"S","s"
93984,"T","t"
93985,"U","u"
93986,"V","v"
93987,"W","w"
93988,"X","x"
93989,"Y","y"
93990,"Z","z"
93991,"A","a"
93992,"B","b"
93993,"C","c"
93994,"D","d"
93995,"E","e"
93996,"F","f"
93997,"G","g"
93998,"H","h"
93999,"I","i"
94000,"J","j"
94001,"K","k"
94002,"L","l"
94003,"M","m"
94004,"N","n"
94005,"O","o"
94006,"P","p"
94007,"Q","q"
94008,"R","r"
94009,"S","s"
94010,"T","t"
94011,"U","u"
94012,"V","v"
94013,"W","w"
94014,"X","x"
94015,"Y","y"
94016,"Z","z"
94017,"A","a"
94018,"B","b"
94019,"C","c"
94020,"D","d"
94021,"E","e"
94022,"F","f"
94023,"G","g"
94024,"H","h"
94025,"I","i"
94026,"J","j"
94027,"K","k"
94028,"L","l"
94029,"M","m"
94030,"N","n"
94031,"O","o"
94032,"P","p"
94033,"Q","q"
94034,"R","r"
94035,"S","s"
94036,"T","t"
94037,"U","u"
94038,"V","v"
94039,"W","w"
94040,"X","x"
94041,"Y","y"
94042,"Z","z"
94043,"A","a"
94044,"B","b"
94045,"C","c"
94046,"D","d"
94047,"E","e"
94048,"F","f"
94049,"G","g"
94050,"H","h"
94051,"I","i"
94052,"J","j"
94053,"K","k"
94054,"L","l"
94055,"M","m"
94056,"N","n"
94057,"O","o"
94058,"P","p"
94059,"Q","q"
94060,"R","r"
94061,"S","s"
94062,"T","t"
94063,"U","u"
94064,"V","v"
94065,"W","w"
94066,"X","x"
94067,"Y","y"
94068,"Z","z"
94069,"A","a"
94070,"B","b"
94071,"C","c"
94072,"D","d"
94073,"E","e"
94074,"F","f"
94075,"G","g"
94076,"H","h"
94077,"I","i"
94078,"J","j"
94079,"K","k"
94080,"L","l"
94081,"M","m"
94082,"N","n"
94083,"O","o"
94084,"P","p"
94085,"Q","q"
94086,"R","r"
94087,"S","s"
94088,"T","t"
94089,"U","u"
94090,"V","v"
94091,"W","w"
94092,"X","x"
94093,"Y","y"
94094,"Z","z"
94095,"A","a"
94096,"B","b"
94097,"C","c"
94098,"D","d"
94099,"E","e"
94100,"F","f"
94101,"G","g"
94102,"H","h"
94103,"I","i"
94104,"J","j"
94105,"K","k"
94106,"L","l"
94107,"M","m"
94108,"N","n"
94109,"O","o"
94110,"P","p"
94111,"Q","q"
94112,"R","r"
94113,"S","s"
94114,"T","t"
94115,"U","u"
94116,"V","v"
94117,"W","w"
94118,"X","x"
94119,"Y","y"
94120,"Z","z"
94121,"A","a"
94122,"B","b"
94123,"C","c"
94124,"D","d"
94125,"E","e"
94126,"F","f"
94127,"G","g"
94128,"H","h"
94129,"I","i"
94130,"J","j"
94131,"K","k"
94132,"L","l"
94133,"M","m"
94134,"N","n"
94135,"O","o"
94136,"P","p"
94137,"Q","q"
94138,"R","r"
94139,"S","s"
94140,"T","t"
94141,"U","u"
94142,"V","v"
94143,"W","w"
94144,"X","x"
94145,"Y","y"
94146,"Z","z"
94147,"A","a"
94148,"B","b"
94149,"C","c"
94150,"D","d"
94151,"E","e"
94152,"F","f"
94153,"G","g"
94154,"H","h"
94155,"I","i"
94156,"J","j"
94157,"K","k"
94158,"L","l"
94159,"M","m"
94160,"N","n"
94161,"O","o"
94162,"P","p"
94163,"Q","q"
94164,"R","r"
94165,"S","s"
94166,"T","t"
94167,"U","u"
94168,"V","v"
94169,"W","w"
94170,"X","x"
94171,"Y","y"
94172,"Z","z"
94173,"A","a"
94174,"B","b"
94175,"C","c"
94176,"D","d"
94177,"E","e"
94178,"F","f"
94179,"G","g"
94180,"H","h"
94181,"I","i"
94182,"J","j"
94183,"K","k"
94184,"L","l"
94185,"M","m"
94186,"N","n"
94187,"O","o"
94188,"P","p"
94189,"Q","q"
94190,"R","r"
94191,"S","s"
94192,"T","t"
94193,"U","u"
94194,"V","v"
94195,"W","w"
94196,"X","x"
94197,"Y","y"
94198,"Z","z"
94199,"A","a"
94200,"B","b"
94201,"C","c"
94202,"D","d"
94203,"E","e"
94204,"F","f"
94205,"G","g"
94206,"H","h"
94207,"I","i"
94208,"J","j"
94209,"K","k"
94210,"L","l"
94211,"M","m"
94212,"N","n"
94213,"O","o"
94214,"P","p"
94215,"Q","q"
94216,"R","r"
94217,"S","s"
94218,"T","t"
94219,"U","u"
94220,"V","v"
94221,"W","w"
94222,"X","x"
94223,"Y","y"
94224,"Z","z"
94225,"A","a"
94226,"B","b"
94227,"C","c"
94228,"D","d"
94229,"E","e"
94230,"F","f"
94231,"G","g"
94232,"H","h"
94233,"I","i"
94234,"J","j"
94235,"K","k"
94236,"L","l"
94237,"M","m"
94238,"N","n"
94239,"O","o"
94240,"P","p"
94241,"Q","q"
94242,"R","r"
94243,"S","s"
94244,"T","t"
94245,"U","u"
94246,"V","v"
94247,"W","w"
94248,"X","x"
94249,"Y","y"
94250,"Z","z"
94251,"A","a"
94252,"B","b"
94253,"C","c"
94254,"D","d"
94255,"E","e"
94256,"F","f"
94257,"G","g"
94258,"H","h"
94259,"I","i"
94260,"J","j"
94261,"K","k"
94262,"L","l"
94263,"M","m"
94264,"N","n"
94265,"O","o"
94266,"P","p"
94267,"Q","q"
94268,"R","r"
94269,"S","s"
94270,"T","t"
94271,"U","u"
94272,"V","v"
94273,"W","w"
94274,"X","x"
94275,"Y","y"
94276,"Z","z"
94277,"A","a"
94278,"B","b"
94279,"C","c"
94280,"D","d"
94281,"E","e"
94282,"F","f"
94283,"G","g"
94284,"H","h"
94285,"I","i"
94286,"J","j"
94287,"K","k"
94288,"L","l"
94289,"M","m"
94290,"N","n"
94291,"O","o"
94292,"P","p"
94293,"Q","q"
94294,"R","r"
94295,"S","s"
94296,"T","t"
94297,"U","u"
94298,"V","v"
94299,"W","w"
94300,"X","x"
94301,"Y","y"
94302,"Z","z"
94303,"A","a"
94304,"B","b"
94305,"C","c"
94306,"D","d"
94307,"E","e"
94308,"F","f"
94309,"G","g"
94310,"H","h"
94311,"I","i"
94312,"J","j"
94313,"K","k"
94314,"L","l"
94315,"M","m"
94316,"N","n"
94317,"O","o"
94318,"P","p"
94319,"Q","q"
94320,"R","r"
94321,"S","s"
94322,"T","t"
94323,"U","u"
94324,"V","v"
94325,"W","w"
94326,"X","x"
94327,"Y","y"
94328,"Z","z"
94329,"A","a"
94330,"B","b"
94331,"C","c"
94332,"D","d"
94333,"E","e"
94334,"F","f"
94335,"G","g"
94336,"H","h"
94337,"I","i"
94338,"J","j"
94339,"K","k"
94340,"L","l"
94341,"M","m"
94342,"N","n"
94343,"O","o"
94344,"P","p"
94345,"Q","q"
94346,"R","r"
94347,"S","s"
94348,"T","t"
94349,"U","u"
94350,"V","v"
94351,"W","w"
94352,"X","x"
94353,"Y","y"
94354,"Z","z"
94355,"A","a"
94356,"B","b"
94357,"C","c"
94358,"D","d"
94359,"E","e"
94360,"F","f"
94361,"G","g"
94362,"H","h"
94363,"I","i"
94364,"J","j"
94365,"K","k"
94366,"L","l"
94367,"M","m"
94368,"N","n"
94369,"O","o"
94370,"P","p"
94371,"Q","q"
94372,"R","r"
94373,"S","s"
94374,"T","t"
94375,"U","u"
94376,"V","v"
94377,"W","w"
94378,"X","x"
94379,"Y","y"
94380,"Z","z"
94381,"A","a"
94382,"B","b"
94383,"C","c"
94384,"D","d"
94385,"E","e"
94386,"F","f"
94387,"G","g"
94388,"H","h"
94389,"I","i"
94390,"J","j"
94391,"K","k"
94392,"L","l"
94393,"M","m"
94394,"N","n"
94395,"O","o"
94396,"P","p"
94397,"Q","q"
94398,"R","r"
94399,"S","s"
94400,"T","t"
94401,"U","u"
94402,"V","v"
94403,"W","w"
94404,"X","x"
94405,"Y","y"
94406,"Z","z"
94407,"A","a"
94408,"B","b"
94409,"C","c"
94410,"D","d"
94411,"E","e"
94412,"F","f"
94413,"G","g"
94414,"H","h"
94415,"I","i"
94416,"J","j"
94417,"K","k"
94418,"L","l"
94419,"M","m"
94420,"N","n"
94421,"O","o"
94422,"P","p"
94423,"Q","q"
94424,"R","r"
94425,"S","s"
94426,"T","t"
94427,"U","u"
94428,"V","v"
94429,"W","w"
94430,"X","x"
94431,"Y","y"
94432,"Z","z"
94433,"A","a"
94434,"B","b"
94435,"C","c"
94436,"D","d"
94437,"E","e"
94438,"F","f"
94439,"G","g"
94440,"H","h"
94441,"I","i"
94442,"J","j"
94443,"K","k"
94444,"L","l"
94445,"M","m"
94446,"N","n"
94447,"O","o"
94448,"P","p"
94449,"Q","q"
94450,"R","r"
94451,"S","s"
94452,"T","t"
94453,"U","u"
94454,"V","v"
94455,"W","w"
94456,"X","x"
94457,"Y","y"
94458,"Z","z"
94459,"A","a"
94460,"B","b"
94461,"C","c"
94462,"D","d"
94463,"E","e"
94464,"F","f"
94465,"G","g"
94466,"H","h"
94467,"I","i"
94468,"J","j"
94469,"K","k"
94470,"L","l"
94471,"M","m"
94472,"N","n"
94473,"O","o"
94474,"P","p"
94475,"Q","q"
94476,"R","r"
94477,"S","s"
94478,"T","t"
94479,"U","u"
94480,"V","v"
94481,"W","w"
94482,"X","x"
94483,"Y","y"
94484,"Z","z"
94485,"A","a"
94486,"B","b"
94487,"C","c"
94488,"D","d"
94489,"E","e"
94490,"F","f"
94491,"G","g"
94492,"H","h"
94493,"I","i"
94494,"J","j"
94495,"K","k"
94496,"L","l"
94497,"M","m"
94498,"N","n"
94499,"O","o"
94500,"P","p"
94501,"Q","q"
94502,"R","r"
94503,"S","s"
94504,"T","t"
94505,"U","u"
94506,"V","v"
94507,"W","w"
94508,"X","x"
94509,"Y","y"
94510,"Z","z"
94511,"A","a"
94512,"B","b"
94513,"C","c"
94514,"D","d"
94515,"E","e"
94516,"F","f"
94517,"G","g"
94518,"H","h"
94519,"I","i"
94520,"J","j"
94521,"K","k"
94522,"L","l"
94523,"M","m"
94524,"N","n"
94525,"O","o"
94526,"P","p"
94527,"Q","q"
94528,"R","r"
94529,"S","s"
94530,"T","t"
94531,"U","u"
94532,"V","v"
94533,"W","w"
94534,"X","x"
94535,"Y","y"
94536,"Z","z"
94537,"A","a"
94538,"B","b"
94539,"C","c"
94540,"D","d"
94541,"E","e"
94542,"F","f"
94543,"G","g"
94544,"H","h"
94545,"I","i"
94546,"J","j"
94547,"K","k"
94548,"L","l"
94549,"M","m"
94550,"N","n"
94551,"O","o"
94552,"P","p"
94553,"Q","q"
94554,"R","r"
94555,"S","s"
94556,"T","t"
94557,"U","u"
94558,"V","v"
94559,"W","w"
94560,"X","x"
94561,"Y","y"
94562,"Z","z"
94563,"A","a"
94564,"B","b"
94565,"C","c"
94566,"D","d"
94567,"E","e"
94568,"F","f"
94569,"G","g"
94570,"H","h"
94571,"I","i"
94572,"J","j"
94573,"K","k"
94574,"L","l"
94575,"M","m"
94576,"N","n"
94577,"O","o"
94578,"P","p"
94579,"Q","q"
94580,"R","r"
94581,"S","s"
94582,"T","t"
94583,"U","u"
94584,"V","v"
94585,"W","w"
94586,"X","x"
94587,"Y","y"
94588,"Z","z"
94589,"A","a"
94590,"B","b"
94591,"C","c"
94592,"D","d"
94593,"E","e"
94594,"F","f"
94595,"G","g"
94596,"H","h"
94597,"I","i"
94598,"J","j"
94599,"K","k"
94600,"L","l"
94601,"M","m"
94602,"N","n"
94603,"O","o"
94604,"P","p"
94605,"Q","q"
94606,"R","r"
94607,"S","s"
94608,"T","t"
94609,"U","u"
94610,"V","v"
94611,"W","w"
94612,"X","x"
94613,"Y","y"
94614,"Z","z"
94615,"A","a"
94616,"B","b"
94617,"C","c"
94618,"D","d"
94619,"E","e"
94620,"F","f"
94621,"G","g"
94622,"H","h"
94623,"I","i"
94624,"J","j"
94625,"K","k"
94626,"L","l"
94627,"M","m"
94628,"N","n"
94629,"O","o"
94630,"P","p"
94631,"Q","q"
94632,"R","r"
94633,"S","s"
94634,"T","t"
94635,"U","u"
94636,"V","v"
94637,"W","w"
94638,"X","x"
94639,"Y","y"
94640,"Z","z"
94641,"A","a"
94642,"B","b"
94643,"C","c"
94644,"D","d"
94645,"E","e"
94646,"F","f"
94647,"G","g"
94648,"H","h"
94649,"I","i"
94650,"J","j"
94651,"K","k"
94652,"L","l"
94653,"M","m"
94654,"N","n"
94655,"O","o"
94656,"P","p"
94657,"Q","q"
94658,"R","r"
94659,"S","s"
94660,"T","t"
94661,"U","u"
94662,"V","v"
94663,"W","w"
94664,"X","x"
94665,"Y","y"
94666,"Z","z"
94667,"A","a"
94668,"B","b"
94669,"C","c"
94670,"D","d"
94671,"E","e"
94672,"F","f"
94673,"G","g"
94674,"H","h"
94675,"I","i"
94676,"J","j"
94677,"K","k"
94678,"L","l"
94679,"M","m"
94680,"N","n"
94681,"O","o"
94682,"P","p"
94683,"Q","q"
94684,"R","r"
94685,"S","s"
94686,"T","t"
94687,"U","u"
94688,"V","v"
94689,"W","w"
94690,"X","x"
94691,"Y","y"
94692,"Z","z"
94693,"A","a"
94694,"B","b"
94695,"C","c"
94696,"D","d"
94697,"E","e"
94698,"F","f"
94699,"G","g"
94700,"H","h"
94701,"I","i"
94702,"J","j"
94703,"K","k"
94704,"L","l"
94705,"M","m"
94706,"N","n"
94707,"O","o"
94708,"P","p"
94709,"Q","q"
94710,"R","r"
94711,"S","s"
94712,"T","t"
94713,"U","u"
94714,"V","v"
94715,"W","w"
94716,"X","x"
94717,"Y","y"
94718,"Z","z"
94719,"A","a"
94720,"B","b"
94721,"C","c"
94722,"D","d"
94723,"E","e"
94724,"F","f"
94725,"G","g"
94726,"H","h"
94727,"I","i"
94728,"J","j"
94729,"K","k"
94730,"L","l"
94731,"M","m"
94732,"N","n"
94733,"O","o"
94734,"P","p"
94735,"Q","q"
94736,"R","r"
94737,"S","s"
94738,"T","t"
94739,"U","u"
94740,"V","v"
94741,"W","w"
94742,"X","x"
94743,"Y","y"
94744,"Z","z"
94745,"A","a"
94746,"B","b"
94747,"C","c"
94748,"D","d"
94749,"E","e"
94750,"F","f"
94751,"G","g"
94752,"H","h"
94753,"I","i"
94754,"J","j"
94755,"K","k"
94756,"L","l"
94757,"M","m"
94758,"N","n"
94759,"O","o"
94760,"P","p"
94761,"Q","q"
94762,"R","r"
94763,"S","s"
94764,"T","t"
94765,"U","u"
94766,"V","v"
94767,"W","w"
94768,"X","x"
94769,"Y","y"
94770,"Z","z"
94771,"A","a"
94772,"B","b"
94773,"C","c"
94774,"D","d"
94775,"E","e"
94776,"F","f"
94777,"G","g"
94778,"H","h"
94779,"I","i"
94780,"J","j"
94781,"K","k"
94782,"L","l"
94783,"M","m"
94784,"N","n"
94785,"O","o"
94786,"P","p"
94787,"Q","q"
94788,"R","r"
94789,"S","s"
94790,"T","t"
94791,"U","u"
94792,"V","v"
94793,"W","w"
94794,"X","x"
94795,"Y","y"
94796,"Z","z"
94797,"A","a"
94798,"B","b"
94799,"C","c"
94800,"D","d"
94801,"E","e"
94802,"F","f"
94803,"G","g"
94804,"H","h"
94805,"I","i"
94806,"J","j"
94807,"K","k"
94808,"L","l"
94809,"M","m"
94810,"N","n"
94811,"O","o"
94812,"P","p"
94813,"Q","q"
94814,"R","r"
94815,"S","s"
94816,"T","t"
94817,"U","u"
94818,"V","v"
94819,"W","w"
94820,"X","x"
94821,"Y","y"
94822,"Z","z"
94823,"A","a"
94824,"B","b"
94825,"C","c"
94826,"D","d"
94827,"E","e"
94828,"F","f"
94829,"G","g"
94830,"H","h"
94831,"I","i"
94832,"J","j"
94833,"K","k"
94834,"L","l"
94835,"M","m"
94836,"N","n"
94837,"O","o"
94838,"P","p"
94839,"Q","q"
94840,"R","r"
94841,"S","s"
94842,"T","t"
94843,"U","u"
94844,"V","v"
94845,"W","w"
94846,"X","x"
94847,"Y","y"
94848,"Z","z"
94849,"A","a"
94850,"B","b"
94851,"C","c"
94852,"D","d"
94853,"E","e"
94854,"F","f"
94855,"G","g"
94856,"H","h"
94857,"I","i"
94858,"J","j"
94859,"K","k"
94860,"L","l"
94861,"M","m"
94862,"N","n"
94863,"O","o"
94864,"P","p"
94865,"Q","q"
94866,"R","r"
94867,"S","s"
94868,"T","t"
94869,"U","u"
94870,"V","v"
94871,"W","w"
94872,"X","x"
94873,"Y","y"
94874,"Z","z"
94875,"A","a"
94876,"B","b"
94877,"C","c"
94878,"D","d"
94879,"E","e"
94880,"F","f"
94881,"G","g"
94882,"H","h"
94883,"I","i"
94884,"J","j"
94885,"K","k"
94886,"L","l"
94887,"M","m"
94888,"N","n"
94889,"O","o"
94890,"P","p"
94891,"Q","q"
94892,"R","r"
94893,"S","s"
94894,"T","t"
94895,"U","u"
94896,"V","v"
94897,"W","w"
94898,"X","x"
94899,"Y","y"
94900,"Z","z"
94901,"A","a"
94902,"B","b"
94903,"C","c"
94904,"D","d"
94905,"E","e"
94906,"F","f"
94907,"G","g"
94908,"H","h"
94909,"I","i"
94910,"J","j"
94911,"K","k"
94912,"L","l"
94913,"M","m"
94914,"N","n"
94915,"O","o"
94916,"P","p"
94917,"Q","q"
94918,"R","r"
94919,"S","s"
94920,"T","t"
94921,"U","u"
94922,"V","v"
94923,"W","w"
94924,"X","x"
94925,"Y","y"
94926,"Z","z"
94927,"A","a"
94928,"B","b"
94929,"C","c"
94930,"D","d"
94931,"E","e"
94932,"F","f"
94933,"G","g"
94934,"H","h"
94935,"I","i"
94936,"J","j"
94937,"K","k"
94938,"L","l"
94939,"M","m"
94940,"N","n"
94941,"O","o"
94942,"P","p"
94943,"Q","q"
94944,"R","r"
94945,"S","s"
94946,"T","t"
94947,"U","u"
94948,"V","v"
94949,"W","w"
94950,"X","x"
94951,"Y","y"
94952,"Z","z"
94953,"A","a"
94954,"B","b"
94955,"C","c"
94956,"D","d"
94957,"E","e"
94958,"F","f"
94959,"G","g"
94960,"H","h"
94961,"I","i"
94962,"J","j"
94963,"K","k"
94964,"L","l"
94965,"M","m"
94966,"N","n"
94967,"O","o"
94968,"P","p"
94969,"Q","q"
94970,"R","r"
94971,"S","s"
94972,"T","t"
94973,"U","u"
94974,"V","v"
94975,"W","w"
94976,"X","x"
94977,"Y","y"
94978,"Z","z"
94979,"A","a"
94980,"B","b"
94981,"C","c"
94982,"D","d"
94983,"E","e"
94984,"F","f"
94985,"G","g"
94986,"H","h"
94987,"I","i"
94988,"J","j"
94989,"K","k"
94990,"L","l"
94991,"M","m"
94992,"N","n"
94993,"O","o"
94994,"P","p"
94995,"Q","q"
94996,"R","r"
94997,"S","s"
94998,"T","t"
94999,"U","u"
95000,"V","v"
